{
  "energy_eV_per_atom": -8.410184860229492,
  "forces_eV_per_A": [
    [
      9.5367431640625e-07,
      -0.0,
      0.14085441827774048
    ],
    [
      -1.30385160446167e-07,
      -2.896413207054138e-07,
      -0.010458439588546753
    ],
    [
      -9.480863809585571e-07,
      -5.299225449562073e-06,
      -0.10098336637020111
    ],
    [
      4.092231392860413e-06,
      -1.1920928955078125e-07,
      -0.10099239647388458
    ],
    [
      -4.3548643589019775e-06,
      5.751848220825195e-06,
      0.07157967239618301
    ]
  ],
  "stress_GPa": [
    [
      -3.4025113582611084,
      1.661183159740176e-05,
      -1.7937272787094116e-05
    ],
    [
      1.7156706235255115e-05,
      -3.4025442600250244,
      3.2812084782563034e-07
    ],
    [
      -1.7918629964697175e-05,
      2.742046376624785e-07,
      -3.9277944564819336
    ]
  ],
  "magmoms_muB": [
    0.016512751579284668,
    0.05992475152015686,
    0.0005494058132171631,
    0.0005494654178619385,
    0.0028261542320251465
  ],
  "atom_fea": [
    [
      -0.4199545383453369,
      0.6584106087684631,
      0.39242124557495117,
      -2.7535793781280518,
      3.620500326156616,
      1.013425588607788,
      -0.9729123115539551,
      1.8250114917755127,
      4.183304786682129,
      0.5634115934371948,
      -1.6250699758529663,
      -3.18391752243042,
      -2.0551769733428955,
      -1.3710668087005615,
      -3.367422580718994,
      1.180573582649231,
      2.5198676586151123,
      3.522688627243042,
      -0.40029600262641907,
      -6.814592361450195,
      5.326532363891602,
      1.3938624858856201,
      1.3365724086761475,
      -1.558205485343933,
      7.008242130279541,
      2.442434549331665,
      -3.5950326919555664,
      -1.1644272804260254,
      2.9758594036102295,
      3.2835116386413574,
      3.674037456512451,
      -6.189571380615234,
      1.7840428352355957,
      -1.8491442203521729,
      -3.6072092056274414,
      -1.3743350505828857,
      4.415125846862793,
      1.3703746795654297,
      -3.5576975345611572,
      0.9530753493309021,
      1.8801307678222656,
      -1.9592158794403076,
      -0.46714115142822266,
      -0.5757259130477905,
      2.665829658508301,
      4.863219738006592,
      0.9173557758331299,
      10.089349746704102,
      0.11996887624263763,
      -3.812990427017212,
      -2.47293758392334,
      -0.8807764053344727,
      -0.48877301812171936,
      0.3439871668815613,
      0.2772105932235718,
      3.497488021850586,
      4.027689456939697,
      -3.291259765625,
      0.7954670190811157,
      -2.6053643226623535,
      -0.9462195634841919,
      -2.3993420600891113,
      -0.14102250337600708,
      0.7476539611816406
    ],
    [
      -1.8682332038879395,
      2.238741874694824,
      -4.371208667755127,
      -0.1837007999420166,
      -0.562749981880188,
      -5.351402759552002,
      6.167388439178467,
      0.7061275243759155,
      -1.0619146823883057,
      -0.09831416606903076,
      -5.0510334968566895,
      -0.009446024894714355,
      -1.3248107433319092,
      2.8267223834991455,
      0.8952857255935669,
      3.9825820922851562,
      0.04423689842224121,
      0.9174877405166626,
      -3.396273136138916,
      -0.6537259817123413,
      2.424893856048584,
      0.12443196773529053,
      -0.5762922763824463,
      -2.1875360012054443,
      7.023473262786865,
      -2.2622230052948,
      4.43395471572876,
      -0.07937741279602051,
      4.3469624519348145,
      0.5307154655456543,
      -3.2420856952667236,
      -1.2453244924545288,
      -1.6872577667236328,
      0.6449816226959229,
      -4.79863977432251,
      -4.243484973907471,
      1.721465826034546,
      -3.976663112640381,
      -2.6882741451263428,
      -2.914212703704834,
      0.36766088008880615,
      1.0273551940917969,
      0.8005092144012451,
      -2.6375861167907715,
      -1.3046258687973022,
      -3.106840133666992,
      3.429734945297241,
      9.085550308227539,
      -3.247891426086426,
      1.83192777633667,
      -0.8398420214653015,
      -0.7132465839385986,
      -0.008201360702514648,
      0.9870026111602783,
      2.4644811153411865,
      4.141827583312988,
      0.35880687832832336,
      -1.8275060653686523,
      -0.6410179138183594,
      1.7843341827392578,
      -2.8402493000030518,
      -0.6994376182556152,
      0.45503997802734375,
      0.09961891174316406
    ],
    [
      -0.027933955192565918,
      1.8310413360595703,
      -0.4229579567909241,
      1.021149754524231,
      0.3260093927383423,
      0.008343875408172607,
      -5.599661827087402,
      0.5617125034332275,
      2.376972198486328,
      -0.986661434173584,
      -0.00884982943534851,
      0.35053443908691406,
      -0.22560012340545654,
      -0.4070141911506653,
      0.9058345556259155,
      -1.2899645566940308,
      0.2733561098575592,
      0.45418667793273926,
      0.49908018112182617,
      -1.25492525100708,
      -1.69207763671875,
      -0.10037314891815186,
      0.5887073874473572,
      -0.4023923873901367,
      0.8376955986022949,
      1.9391522407531738,
      1.3262676000595093,
      -0.7316957712173462,
      -2.6848654747009277,
      -0.547980785369873,
      -0.599352240562439,
      12.793303489685059,
      0.7033249139785767,
      1.1778422594070435,
      6.451771259307861,
      1.1199268102645874,
      -0.9867527484893799,
      0.9315172433853149,
      0.6370933651924133,
      -0.7224224805831909,
      0.1930675506591797,
      1.9752070903778076,
      -1.8954519033432007,
      -0.2867327332496643,
      0.43430596590042114,
      -0.22374653816223145,
      0.3669261932373047,
      -6.516751289367676,
      0.946956217288971,
      -0.4155411720275879,
      -0.4491097331047058,
      1.458105206489563,
      -0.4545496106147766,
      0.3368231952190399,
      -0.047405876219272614,
      -0.27183324098587036,
      1.1647835969924927,
      1.0713751316070557,
      -1.2825082540512085,
      0.4705640971660614,
      0.6452940702438354,
      0.9139528274536133,
      -0.594203770160675,
      -0.20734834671020508
    ],
    [
      -0.02793353796005249,
      1.8310415744781494,
      -0.4229576587677002,
      1.0211493968963623,
      0.32600897550582886,
      0.008343875408172607,
      -5.5996623039245605,
      0.5617125034332275,
      2.376971960067749,
      -0.9866610765457153,
      -0.008849918842315674,
      0.35053539276123047,
      -0.2256009578704834,
      -0.4070145785808563,
      0.9058350324630737,
      -1.289964199066162,
      0.27335673570632935,
      0.4541863203048706,
      0.4990808963775635,
      -1.2549257278442383,
      -1.6920771598815918,
      -0.1003732681274414,
      0.5887075662612915,
      -0.40239202976226807,
      0.8376957178115845,
      1.9391517639160156,
      1.3262674808502197,
      -0.7316955327987671,
      -2.6848666667938232,
      -0.5479808449745178,
      -0.5993527173995972,
      12.793303489685059,
      0.7033250331878662,
      1.177842378616333,
      6.451771259307861,
      1.1199265718460083,
      -0.9867534637451172,
      0.9315170049667358,
      0.6370930075645447,
      -0.7224221229553223,
      0.19306719303131104,
      1.975208044052124,
      -1.8954521417617798,
      -0.28673332929611206,
      0.43430638313293457,
      -0.2237471491098404,
      0.3669259548187256,
      -6.516751766204834,
      0.946956217288971,
      -0.4155406653881073,
      -0.44910985231399536,
      1.4581055641174316,
      -0.45455023646354675,
      0.3368229866027832,
      -0.04740571975708008,
      -0.2718331813812256,
      1.1647834777832031,
      1.0713753700256348,
      -1.2825075387954712,
      0.4705646336078644,
      0.6452938914299011,
      0.9139525890350342,
      -0.5942050218582153,
      -0.20734810829162598
    ],
    [
      0.00893336534500122,
      1.5790417194366455,
      -0.04346275329589844,
      0.9880059361457825,
      0.2375171184539795,
