{
  "energy_eV_per_atom": -8.41456127166748,
  "forces_eV_per_A": [
    [
      2.652406692504883e-06,
      1.8775463104248047e-06,
      -0.0002937912940979004
    ],
    [
      -1.0728836059570312e-05,
      -3.8929283618927e-07,
      -0.009069286286830902
    ],
    [
      7.623806595802307e-06,
      2.9224902391433716e-06,
      0.016399741172790527
    ],
    [
      -3.0547380447387695e-07,
      -2.7883797883987427e-06,
      0.016404375433921814
    ],
    [
      3.9674341678619385e-07,
      -1.648440957069397e-06,
      -0.02344086766242981
    ]
  ],
  "stress_GPa": [
    [
      1.1392672061920166,
      -4.58245376648847e-05,
      -9.455874533159658e-05
    ],
    [
      -4.5931272325105965e-05,
      1.139215111732483,
      -4.171532782493159e-05
    ],
    [
      -9.346641309093684e-05,
      -3.991002813563682e-05,
      -0.3926354646682739
    ]
  ],
  "magmoms_muB": [
    0.014290601015090942,
    0.06990443170070648,
    0.008145630359649658,
    0.008145362138748169,
    0.0010303780436515808
  ],
  "atom_fea": [
    [
      -0.269389808177948,
      0.6262727379798889,
      0.3016378879547119,
      -2.596095561981201,
      3.569695472717285,
      1.1621427536010742,
      -0.9569557905197144,
      1.7863905429840088,
      4.135095119476318,
      0.491091251373291,
      -1.567940592765808,
      -3.1425585746765137,
      -1.994469404220581,
      -1.1835927963256836,
      -3.465057611465454,
      1.2713972330093384,
      2.4871597290039062,
      3.527930736541748,
      -0.4012543261051178,
      -6.710858345031738,
      5.2733235359191895,
      1.4675041437149048,
      1.2748405933380127,
      -1.5099995136260986,
      6.913313865661621,
      2.5025670528411865,
      -3.499746084213257,
      -1.207746148109436,
      2.895400047302246,
      3.2836198806762695,
      3.6657323837280273,
      -6.202436923980713,
      1.6297023296356201,
      -1.999307632446289,
      -3.715364694595337,
      -1.337662935256958,
      4.521564960479736,
      1.436106562614441,
      -3.4793686866760254,
      1.0303033590316772,
      1.9213206768035889,
      -1.936920404434204,
      -0.40710967779159546,
      -0.42030036449432373,
      2.6267898082733154,
      4.695730686187744,
      0.8759260177612305,
      9.89661979675293,
      0.10722729563713074,
      -3.7186203002929688,
      -2.380797863006592,
      -0.9036660194396973,
      -0.40139293670654297,
      0.2545837163925171,
      0.3450355529785156,
      3.463676929473877,
      3.9025509357452393,
      -3.1233601570129395,
      0.7074453830718994,
      -2.580411672592163,
      -0.9896423816680908,
      -2.5758538246154785,
      -0.02658623456954956,
      0.6898268461227417
    ],
    [
      -1.7180800437927246,
      2.2439770698547363,
      -4.357553958892822,
      -0.11938738822937012,
      -0.45334330201148987,
      -5.3220601081848145,
      6.186518669128418,
      0.782981812953949,
      -1.053281307220459,
      -0.11131441593170166,
      -5.080257415771484,
      -0.007002711296081543,
      -1.2779741287231445,
      2.9342970848083496,
      0.8883954286575317,
      3.9612903594970703,
      0.044062018394470215,
      0.8328559398651123,
      -3.3437681198120117,
      -0.5158613920211792,
      2.4798567295074463,
      0.09431171417236328,
      -0.49027469754219055,
      -2.176957368850708,
      6.927445411682129,
      -2.393608570098877,
      4.398910045623779,
      -0.11055648326873779,
      4.318752288818359,
      0.5327223539352417,
      -3.2657110691070557,
      -1.2307531833648682,
      -1.7007534503936768,
      0.6340579986572266,
      -4.8186187744140625,
      -4.224648475646973,
      1.6970298290252686,
      -3.9493567943573,
      -2.7224578857421875,
      -2.9475045204162598,
      0.32537031173706055,
      1.0445947647094727,
      0.856743574142456,
      -2.5908596515655518,
      -1.2373509407043457,
      -3.076169490814209,
      3.40983510017395,
      9.025187492370605,
      -3.231905937194824,
      1.923575520515442,
      -0.8122332096099854,
      -0.7470200061798096,
      0.0235632061958313,
      1.0380644798278809,
      2.4666554927825928,
      4.09549617767334,
      0.2973732650279999,
      -1.8476513624191284,
      -0.6434749364852905,
      1.6762845516204834,
      -2.844249725341797,
      -0.7615983486175537,
      0.4784398078918457,
      0.05222201347351074
    ],
    [
      -0.06328320503234863,
      1.8501074314117432,
      -0.3360845744609833,
      1.026750087738037,
      0.21493756771087646,
      0.036682844161987305,
      -5.5719685554504395,
      0.6970224380493164,
      2.379310369491577,
      -0.9359550476074219,
      0.05945649743080139,
      0.3270624876022339,
      -0.22301721572875977,
      -0.5372246503829956,
      0.7908518314361572,
      -1.198322057723999,
      0.3560961186885834,
      0.3492574989795685,
      0.5411045551300049,
      -1.2915236949920654,
      -1.6288834810256958,
      -0.07065188884735107,
      0.6460976004600525,
      -0.3558726906776428,
      0.7723631858825684,
      2.0068085193634033,
      1.2845839262008667,
      -0.8639378547668457,
      -2.63450288772583,
      -0.5355321764945984,
      -0.604591965675354,
      12.740670204162598,
      0.6866182088851929,
      1.203101396560669,
      6.377228736877441,
      1.0165636539459229,
      -1.0053496360778809,
      0.9387571811676025,
      0.559086263179779,
      -0.7318047881126404,
      0.1537817120552063,
      2.0736923217773438,
      -1.8247312307357788,
      -0.2124672532081604,
      0.4390263557434082,
      -0.16551125049591064,
      0.4718703031539917,
      -6.369585990905762,
      0.8942087888717651,
      -0.2747735381126404,
      -0.5000562071800232,
      1.4874060153961182,
      -0.4955037236213684,
      0.39775189757347107,
      0.147897869348526,
      -0.3041253685951233,
      0.9819110035896301,
      1.1903729438781738,
      -1.2103033065795898,
      0.4446238577365875,
      0.6497157216072083,
      0.7577304840087891,
      -0.6030902862548828,
      -0.13570916652679443
    ],
    [
      -0.06328636407852173,
      1.8501102924346924,
      -0.33607959747314453,
      1.0267598628997803,
      0.21493637561798096,
      0.03668677806854248,
      -5.571969985961914,
      0.6970279216766357,
      2.3793110847473145,
      -0.9359598159790039,
      0.0594581663608551,
      0.327059268951416,
      -0.2230224609375,
      -0.5372214913368225,
      0.7908421754837036,
      -1.1983225345611572,
      0.3560994863510132,
      0.349255234003067,
      0.5411098003387451,
      -1.2915226221084595,
      -1.628883719444275,
      -0.07065379619598389,
      0.6460967659950256,
      -0.35587000846862793,
      0.772369384765625,
      2.006807327270508,
      1.284582495689392,
      -0.8639352321624756,
      -2.6345083713531494,
      -0.5355353355407715,
      -0.6045892238616943,
      12.740670204162598,
      0.686617374420166,
      1.2030985355377197,
      6.377223968505859,
      1.0165609121322632,
      -1.0053430795669556,
      0.9387577772140503,
      0.5590905547142029,
      -0.7318031787872314,
      0.15377312898635864,
      2.0736892223358154,
      -1.8247315883636475,
      -0.21246564388275146,
      0.43902885913848877,
      -0.16551119089126587,
      0.4718691110610962,
      -6.369591236114502,
      0.8942098021507263,
      -0.2747828960418701,
      -0.5000659823417664,
      1.4874045848846436,
      -0.4955040216445923,
      0.3977562189102173,
      0.14790251851081848,
      -0.30412545800209045,
      0.9819167852401733,
      1.1903693675994873,
      -1.210295557975769,
      0.4446163773536682,
      0.6497102975845337,
      0.7577298879623413,
      -0.603089451789856,
      -0.13571035861968994
    ],
    [
      0.04581195116043091,
      1.518799901008606,
      0.10437279939651489,
      1.0378106832504272,
      0.14330828189849854,
