{
  "input_energy_eV_per_atom": -8.410184860229492,
  "relaxed_energy_eV_per_atom": -8.41456127166748
}